{
    "uvs":[],
    "faces":[33,0,1,2,3,0,0,0,0,33,4,7,6,5,1,1,1,1,33,0,4,5,1,2,2,2,2,33,1,5,6,2,3,3,3,3,33,2,6,7,3,4,4,4,4,33,4,0,3,7,5,5,5,5],
    "skinIndices":[],
    "influencesPerVertex":2,
    "bones":[],
    "metadata":{
        "uvs":0,
        "faces":6,
        "type":"Geometry",
        "bones":0,
        "normals":6,
        "version":3,
        "vertices":8,
        "generator":"io_three"
    },
    "normals":[-0,-1,0,0,1,0,0.990902,0.134582,0,-0,0.134582,0.990903,-0.990903,0.134581,-0,0,0.134582,-0.990903],
    "animations":[],
    "vertices":[1,-1,-1,1,-1,1,-1,-1,1,-1,-1,-1,0.269338,4.37975,-0.269338,0.269338,4.37975,0.269338,-0.269338,4.37975,0.269338,-0.269338,4.37975,-0.269338],
    "skinWeights":[]
}